-- phpMyAdmin SQL Dump
-- version 5.2.1
-- https://www.phpmyadmin.net/
--
-- Hôte : localhost
-- Généré le : mar. 16 jan. 2024 à 13:27
-- Version du serveur : 10.11.4-MariaDB-1~deb12u1
-- Version de PHP : 8.2.7

SET SQL_MODE = "NO_AUTO_VALUE_ON_ZERO";
START TRANSACTION;
SET time_zone = "+00:00";


/*!40101 SET @OLD_CHARACTER_SET_CLIENT=@@CHARACTER_SET_CLIENT */;
/*!40101 SET @OLD_CHARACTER_SET_RESULTS=@@CHARACTER_SET_RESULTS */;
/*!40101 SET @OLD_COLLATION_CONNECTION=@@COLLATION_CONNECTION */;
/*!40101 SET NAMES utf8mb4 */;

--
-- Base de données : `sltek1920723`
--

-- --------------------------------------------------------

--
-- Structure de la table `doctrine_migration_versions`
--

CREATE TABLE `doctrine_migration_versions` (
  `version` varchar(191) NOT NULL,
  `executed_at` datetime DEFAULT NULL,
  `execution_time` int(11) DEFAULT NULL
) ENGINE=InnoDB DEFAULT CHARSET=utf8mb3 COLLATE=utf8mb3_unicode_ci;

--
-- Déchargement des données de la table `doctrine_migration_versions`
--

INSERT INTO `doctrine_migration_versions` (`version`, `executed_at`, `execution_time`) VALUES
('DoctrineMigrations\\Version20230925130337', '2023-09-26 12:15:41', 135),
('DoctrineMigrations\\Version20230925185913', '2023-09-26 12:15:42', 115),
('DoctrineMigrations\\Version20230925203653', '2023-09-26 12:15:42', 12),
('DoctrineMigrations\\Version20230925205903', '2023-09-26 12:15:42', 12),
('DoctrineMigrations\\Version20230926090655', '2023-09-26 12:15:42', 26),
('DoctrineMigrations\\Version20230926091206', '2023-09-26 12:15:42', 12),
('DoctrineMigrations\\Version20230929090212', '2023-09-29 11:02:19', 888),
('DoctrineMigrations\\Version20231002202327', '2023-10-02 22:25:12', 1373);

-- --------------------------------------------------------

--
-- Structure de la table `inter`
--

CREATE TABLE `inter` (
  `id` int(11) NOT NULL,
  `technicien_id` int(11) DEFAULT NULL,
  `date` datetime NOT NULL,
  `anomalie` varchar(255) DEFAULT NULL,
  `salaire` double DEFAULT NULL,
  `presence` tinyint(1) DEFAULT NULL
) ENGINE=InnoDB DEFAULT CHARSET=utf8mb4 COLLATE=utf8mb4_unicode_ci;

--
-- Déchargement des données de la table `inter`
--

INSERT INTO `inter` (`id`, `technicien_id`, `date`, `anomalie`, `salaire`, `presence`) VALUES
(1, 3, '2023-09-01 00:00:00', NULL, 80, 1),
(2, 3, '2023-09-02 00:00:00', NULL, 80, NULL),
(3, 3, '2023-09-03 00:00:00', NULL, 80, NULL),
(4, 3, '2023-09-04 00:00:00', NULL, 80, 1),
(5, 3, '2023-09-05 00:00:00', NULL, 80, 1),
(6, 3, '2023-09-06 00:00:00', NULL, 80, 1),
(7, 3, '2023-09-07 00:00:00', NULL, 80, 1),
(8, 3, '2023-09-08 00:00:00', NULL, 80, 1),
(9, 3, '2023-09-09 00:00:00', NULL, 80, NULL),
(10, 3, '2023-09-10 00:00:00', NULL, 80, NULL),
(11, 3, '2023-09-11 00:00:00', NULL, 80, 1),
(12, 3, '2023-09-12 00:00:00', NULL, 80, 1),
(13, 3, '2023-09-13 00:00:00', NULL, 80, 1),
(14, 3, '2023-09-14 00:00:00', NULL, 80, 1),
(15, 3, '2023-09-15 00:00:00', NULL, 80, 1),
(16, 3, '2023-09-16 00:00:00', NULL, 80, NULL),
(17, 3, '2023-09-17 00:00:00', NULL, 80, NULL),
(18, 3, '2023-09-18 00:00:00', NULL, 80, NULL),
(19, 3, '2023-09-19 00:00:00', NULL, 80, NULL),
(20, 3, '2023-09-20 00:00:00', NULL, 80, 0),
(21, 3, '2023-09-21 00:00:00', NULL, 80, NULL),
(22, 3, '2023-09-22 00:00:00', NULL, 80, NULL),
(23, 3, '2023-09-23 00:00:00', NULL, 80, NULL),
(24, 3, '2023-09-24 00:00:00', NULL, 80, NULL),
(25, 3, '2023-09-25 00:00:00', NULL, 80, 1),
(26, 3, '2023-09-26 00:00:00', NULL, 80, 1),
(27, 3, '2023-09-27 00:00:00', NULL, 80, 1),
(28, 3, '2023-09-28 00:00:00', NULL, 80, 1),
(29, 3, '2023-09-29 00:00:00', NULL, 80, 1),
(30, 3, '2023-09-30 00:00:00', NULL, 80, NULL),
(31, 4, '2023-09-01 00:00:00', NULL, 70, 1),
(32, 5, '2023-09-01 00:00:00', NULL, 70, 1),
(33, 6, '2023-09-01 00:00:00', NULL, 80, 1),
(34, 7, '2023-09-01 00:00:00', NULL, 80, 1),
(35, 4, '2023-09-02 00:00:00', NULL, 70, NULL),
(36, 5, '2023-09-02 00:00:00', NULL, 70, NULL),
(37, 6, '2023-09-02 00:00:00', NULL, 80, 1),
(38, 7, '2023-09-02 00:00:00', NULL, 80, 1),
(39, 4, '2023-09-03 00:00:00', NULL, 70, NULL),
(40, 5, '2023-09-03 00:00:00', NULL, 70, NULL),
(41, 6, '2023-09-03 00:00:00', NULL, 80, NULL),
(42, 7, '2023-09-03 00:00:00', NULL, 80, NULL),
(43, 4, '2023-09-04 00:00:00', NULL, 70, 1),
(44, 5, '2023-09-04 00:00:00', NULL, 70, 1),
(45, 6, '2023-09-04 00:00:00', NULL, 80, 1),
(46, 7, '2023-09-04 00:00:00', NULL, 80, 1),
(47, 4, '2023-09-05 00:00:00', NULL, 70, 1),
(48, 5, '2023-09-05 00:00:00', NULL, 70, 1),
(49, 6, '2023-09-05 00:00:00', NULL, 80, 1),
(50, 7, '2023-09-05 00:00:00', NULL, 80, 1),
(51, 4, '2023-09-06 00:00:00', NULL, 70, 1),
(52, 5, '2023-09-06 00:00:00', NULL, 70, 1),
(53, 6, '2023-09-06 00:00:00', NULL, 80, 1),
(54, 7, '2023-09-06 00:00:00', NULL, 80, 1),
(55, 4, '2023-09-07 00:00:00', NULL, 70, 1),
(56, 5, '2023-09-07 00:00:00', NULL, 70, 1),
(57, 6, '2023-09-07 00:00:00', NULL, 80, 1),
(58, 7, '2023-09-07 00:00:00', NULL, 80, 1),
(59, 4, '2023-09-08 00:00:00', NULL, 70, 1),
(60, 5, '2023-09-08 00:00:00', NULL, 70, 1),
(61, 6, '2023-09-08 00:00:00', NULL, 80, 1),
(62, 7, '2023-09-08 00:00:00', NULL, 80, 1),
(63, 4, '2023-09-09 00:00:00', NULL, 70, NULL),
(64, 5, '2023-09-09 00:00:00', NULL, 70, NULL),
(65, 6, '2023-09-09 00:00:00', NULL, 80, 1),
(66, 7, '2023-09-09 00:00:00', NULL, 80, 1),
(67, 4, '2023-09-10 00:00:00', NULL, 70, NULL),
(68, 5, '2023-09-10 00:00:00', NULL, 70, NULL),
(69, 6, '2023-09-10 00:00:00', NULL, 80, NULL),
(70, 7, '2023-09-10 00:00:00', NULL, 80, NULL),
(71, 4, '2023-09-11 00:00:00', NULL, 70, 1),
(72, 5, '2023-09-11 00:00:00', NULL, 70, 1),
(73, 6, '2023-09-11 00:00:00', NULL, 80, 1),
(74, 7, '2023-09-11 00:00:00', NULL, 80, 1),
(75, 4, '2023-09-12 00:00:00', NULL, 70, 1),
(76, 5, '2023-09-12 00:00:00', NULL, 70, 1),
(77, 6, '2023-09-12 00:00:00', NULL, 80, 1),
(78, 7, '2023-09-12 00:00:00', NULL, 80, 1),
(79, 4, '2023-09-13 00:00:00', NULL, 70, 1),
(80, 5, '2023-09-13 00:00:00', NULL, 70, 1),
(81, 6, '2023-09-13 00:00:00', NULL, 80, 1),
(82, 7, '2023-09-13 00:00:00', NULL, 80, 1),
(83, 4, '2023-09-14 00:00:00', NULL, 70, 1),
(84, 5, '2023-09-14 00:00:00', NULL, 70, 1),
(85, 6, '2023-09-14 00:00:00', NULL, 80, 1),
(86, 7, '2023-09-14 00:00:00', NULL, 80, 1),
(87, 4, '2023-09-15 00:00:00', NULL, 70, 1),
(88, 5, '2023-09-15 00:00:00', NULL, 70, 1),
(89, 6, '2023-09-15 00:00:00', NULL, 80, 1),
(90, 7, '2023-09-15 00:00:00', NULL, 80, 1),
(91, 4, '2023-09-16 00:00:00', NULL, 70, NULL),
(92, 5, '2023-09-16 00:00:00', NULL, 70, 0),
(93, 6, '2023-09-16 00:00:00', NULL, 80, 1),
(94, 7, '2023-09-16 00:00:00', NULL, 80, NULL),
(95, 4, '2023-09-17 00:00:00', NULL, 70, NULL),
(96, 5, '2023-09-17 00:00:00', NULL, 70, NULL),
(97, 6, '2023-09-17 00:00:00', NULL, 80, NULL),
(98, 7, '2023-09-17 00:00:00', NULL, 80, NULL),
(99, 4, '2023-09-18 00:00:00', NULL, 70, 1),
(100, 5, '2023-09-18 00:00:00', NULL, 70, 1),
(101, 6, '2023-09-18 00:00:00', NULL, 80, 1),
(102, 7, '2023-09-18 00:00:00', NULL, 80, 1),
(103, 4, '2023-09-19 00:00:00', NULL, 70, 1),
(104, 5, '2023-09-19 00:00:00', NULL, 70, 1),
(105, 6, '2023-09-19 00:00:00', NULL, 80, 1),
(106, 7, '2023-09-19 00:00:00', 'Paye', 0, 1),
(107, 4, '2023-09-20 00:00:00', NULL, 70, 1),
(108, 5, '2023-09-20 00:00:00', NULL, 70, 1),
(109, 6, '2023-09-20 00:00:00', NULL, 80, 1),
(110, 7, '2023-09-20 00:00:00', 'Non cloture', 0, 1),
(111, 4, '2023-09-21 00:00:00', NULL, 70, 1),
(112, 5, '2023-09-21 00:00:00', 'Rdv contrôle fiscal', 70, 0),
(113, 6, '2023-09-21 00:00:00', NULL, 80, 1),
(114, 7, '2023-09-21 00:00:00', NULL, 80, 1),
(115, 4, '2023-09-22 00:00:00', NULL, 70, 1),
(116, 5, '2023-09-22 00:00:00', NULL, 70, 1),
(117, 6, '2023-09-22 00:00:00', NULL, 80, 1),
(118, 7, '2023-09-22 00:00:00', NULL, 80, 1),
(119, 4, '2023-09-23 00:00:00', NULL, 70, NULL),
(120, 5, '2023-09-23 00:00:00', NULL, 70, NULL),
(121, 6, '2023-09-23 00:00:00', NULL, 80, 1),
(122, 7, '2023-09-23 00:00:00', 'non cloture', 0, 1),
(123, 4, '2023-09-24 00:00:00', NULL, 70, NULL),
(124, 5, '2023-09-24 00:00:00', NULL, 70, NULL),
(125, 6, '2023-09-24 00:00:00', NULL, 80, NULL),
(126, 7, '2023-09-24 00:00:00', NULL, 80, NULL),
(127, 4, '2023-09-25 00:00:00', NULL, 70, 1),
(128, 5, '2023-09-25 00:00:00', NULL, 70, 1),
(129, 6, '2023-09-25 00:00:00', NULL, 80, 1),
(130, 7, '2023-09-25 00:00:00', NULL, 80, 1),
(131, 4, '2023-09-26 00:00:00', NULL, 70, 1),
(132, 5, '2023-09-26 00:00:00', NULL, 70, 0),
(133, 6, '2023-09-26 00:00:00', NULL, 80, 1),
(134, 7, '2023-09-26 00:00:00', NULL, 80, 1),
(135, 4, '2023-09-27 00:00:00', NULL, 70, 1),
(136, 5, '2023-09-27 00:00:00', NULL, 70, 1),
(137, 6, '2023-09-27 00:00:00', NULL, 80, 1),
(138, 7, '2023-09-27 00:00:00', NULL, 80, 1),
(139, 4, '2023-09-28 00:00:00', NULL, 70, 1),
(140, 5, '2023-09-28 00:00:00', NULL, 70, 1),
(141, 6, '2023-09-28 00:00:00', NULL, 80, 1),
(142, 7, '2023-09-28 00:00:00', 'RENTRE A MIDI', 80, 1),
(143, 4, '2023-09-29 00:00:00', NULL, 70, 1),
(144, 5, '2023-09-29 00:00:00', NULL, 70, 1),
(145, 6, '2023-09-29 00:00:00', NULL, 80, 1),
(146, 7, '2023-09-29 00:00:00', 'Pas de cloture', 0, 1),
(147, 4, '2023-09-30 00:00:00', NULL, 70, NULL),
(148, 5, '2023-09-30 00:00:00', NULL, 70, NULL),
(149, 6, '2023-09-30 00:00:00', 'Non cloture', 0, 1),
(150, 7, '2023-09-30 00:00:00', NULL, 80, 0),
(151, 3, '2023-08-01 00:00:00', NULL, 80, 1),
(152, 4, '2023-08-01 00:00:00', NULL, 80, NULL),
(153, 5, '2023-08-01 00:00:00', NULL, 70, NULL),
(154, 6, '2023-08-01 00:00:00', NULL, 80, 1),
(155, 7, '2023-08-01 00:00:00', NULL, 80, 1),
(156, 3, '2023-08-02 00:00:00', NULL, 80, 1),
(157, 4, '2023-08-02 00:00:00', NULL, 80, NULL),
(158, 5, '2023-08-02 00:00:00', NULL, 70, NULL),
(159, 6, '2023-08-02 00:00:00', NULL, 80, 1),
(160, 7, '2023-08-02 00:00:00', NULL, 80, 1),
(161, 3, '2023-08-03 00:00:00', NULL, 80, 1),
(162, 4, '2023-08-03 00:00:00', NULL, 80, NULL),
(163, 5, '2023-08-03 00:00:00', NULL, 70, NULL),
(164, 6, '2023-08-03 00:00:00', NULL, 80, 1),
(165, 7, '2023-08-03 00:00:00', NULL, 80, 1),
(166, 3, '2023-08-04 00:00:00', NULL, 80, 1),
(167, 4, '2023-08-04 00:00:00', NULL, 80, NULL),
(168, 5, '2023-08-04 00:00:00', NULL, 70, NULL),
(169, 6, '2023-08-04 00:00:00', NULL, 80, 1),
(170, 7, '2023-08-04 00:00:00', NULL, 80, 1),
(171, 3, '2023-08-05 00:00:00', NULL, 80, NULL),
(172, 4, '2023-08-05 00:00:00', NULL, 80, NULL),
(173, 5, '2023-08-05 00:00:00', NULL, 70, NULL),
(174, 6, '2023-08-05 00:00:00', NULL, 80, 1),
(175, 7, '2023-08-05 00:00:00', NULL, 80, 1),
(176, 3, '2023-08-06 00:00:00', NULL, 80, NULL),
(177, 4, '2023-08-06 00:00:00', NULL, 80, NULL),
(178, 5, '2023-08-06 00:00:00', NULL, 70, NULL),
(179, 6, '2023-08-06 00:00:00', NULL, 80, 0),
(180, 7, '2023-08-06 00:00:00', NULL, 80, 0),
(181, 3, '2023-08-07 00:00:00', NULL, 80, 1),
(182, 4, '2023-08-07 00:00:00', NULL, 80, NULL),
(183, 5, '2023-08-07 00:00:00', NULL, 70, NULL),
(184, 6, '2023-08-07 00:00:00', NULL, 80, 1),
(185, 7, '2023-08-07 00:00:00', NULL, 80, 1),
(186, 3, '2023-08-08 00:00:00', NULL, 80, 1),
(187, 4, '2023-08-08 00:00:00', NULL, 80, NULL),
(188, 5, '2023-08-08 00:00:00', NULL, 70, NULL),
(189, 6, '2023-08-08 00:00:00', NULL, 80, 1),
(190, 7, '2023-08-08 00:00:00', NULL, 80, 1),
(191, 3, '2023-08-09 00:00:00', NULL, 80, 1),
(192, 4, '2023-08-09 00:00:00', NULL, 80, NULL),
(193, 5, '2023-08-09 00:00:00', NULL, 70, NULL),
(194, 6, '2023-08-09 00:00:00', NULL, 80, 1),
(195, 7, '2023-08-09 00:00:00', NULL, 80, 1),
(196, 3, '2023-08-10 00:00:00', NULL, 80, 1),
(197, 4, '2023-08-10 00:00:00', NULL, 80, NULL),
(198, 5, '2023-08-10 00:00:00', NULL, 70, NULL),
(199, 6, '2023-08-10 00:00:00', NULL, 80, 1),
(200, 7, '2023-08-10 00:00:00', NULL, 80, 1),
(201, 3, '2023-08-11 00:00:00', NULL, 80, 1),
(202, 4, '2023-08-11 00:00:00', NULL, 80, NULL),
(203, 5, '2023-08-11 00:00:00', NULL, 70, NULL),
(204, 6, '2023-08-11 00:00:00', NULL, 80, 1),
(205, 7, '2023-08-11 00:00:00', NULL, 80, 1),
(206, 3, '2023-08-12 00:00:00', NULL, 80, NULL),
(207, 4, '2023-08-12 00:00:00', NULL, 80, NULL),
(208, 5, '2023-08-12 00:00:00', NULL, 70, NULL),
(209, 6, '2023-08-12 00:00:00', NULL, 80, 1),
(210, 7, '2023-08-12 00:00:00', NULL, 80, 1),
(211, 3, '2023-08-13 00:00:00', NULL, 80, NULL),
(212, 4, '2023-08-13 00:00:00', NULL, 80, NULL),
(213, 5, '2023-08-13 00:00:00', NULL, 70, NULL),
(214, 6, '2023-08-13 00:00:00', NULL, 80, NULL),
(215, 7, '2023-08-13 00:00:00', NULL, 80, NULL),
(216, 3, '2023-08-14 00:00:00', NULL, 80, 1),
(217, 4, '2023-08-14 00:00:00', NULL, 80, NULL),
(218, 5, '2023-08-14 00:00:00', NULL, 70, NULL),
(219, 6, '2023-08-14 00:00:00', NULL, 80, 1),
(220, 7, '2023-08-14 00:00:00', NULL, 80, 1),
(221, 3, '2023-08-15 00:00:00', NULL, 80, 0),
(222, 4, '2023-08-15 00:00:00', NULL, 80, NULL),
(223, 5, '2023-08-15 00:00:00', NULL, 70, NULL),
(224, 6, '2023-08-15 00:00:00', NULL, 80, 0),
(225, 7, '2023-08-15 00:00:00', NULL, 80, 0),
(226, 3, '2023-08-16 00:00:00', NULL, 80, 1),
(227, 4, '2023-08-16 00:00:00', NULL, 80, NULL),
(228, 5, '2023-08-16 00:00:00', NULL, 70, NULL),
(229, 6, '2023-08-16 00:00:00', NULL, 80, 1),
(230, 7, '2023-08-16 00:00:00', NULL, 80, 1),
(231, 3, '2023-08-17 00:00:00', NULL, 80, 1),
(232, 4, '2023-08-17 00:00:00', NULL, 80, NULL),
(233, 5, '2023-08-17 00:00:00', NULL, 70, NULL),
(234, 6, '2023-08-17 00:00:00', NULL, 80, 1),
(235, 7, '2023-08-17 00:00:00', NULL, 80, 1),
(236, 3, '2023-08-18 00:00:00', NULL, 80, 1),
(237, 4, '2023-08-18 00:00:00', NULL, 80, NULL),
(238, 5, '2023-08-18 00:00:00', NULL, 70, NULL),
(239, 6, '2023-08-18 00:00:00', NULL, 80, 1),
(240, 7, '2023-08-18 00:00:00', NULL, 80, 1),
(241, 3, '2023-08-19 00:00:00', NULL, 80, NULL),
(242, 4, '2023-08-19 00:00:00', NULL, 80, NULL),
(243, 5, '2023-08-19 00:00:00', NULL, 70, NULL),
(244, 6, '2023-08-19 00:00:00', NULL, 80, 1),
(245, 7, '2023-08-19 00:00:00', NULL, 80, 1),
(246, 3, '2023-08-20 00:00:00', NULL, 80, NULL),
(247, 4, '2023-08-20 00:00:00', NULL, 80, NULL),
(248, 5, '2023-08-20 00:00:00', NULL, 70, NULL),
(249, 6, '2023-08-20 00:00:00', NULL, 80, NULL),
(250, 7, '2023-08-20 00:00:00', NULL, 80, NULL),
(251, 3, '2023-08-21 00:00:00', NULL, 80, 1),
(252, 4, '2023-08-21 00:00:00', NULL, 80, NULL),
(253, 5, '2023-08-21 00:00:00', NULL, 70, NULL),
(254, 6, '2023-08-21 00:00:00', NULL, 80, 1),
(255, 7, '2023-08-21 00:00:00', NULL, 80, 1),
(256, 3, '2023-08-22 00:00:00', NULL, 80, 1),
(257, 4, '2023-08-22 00:00:00', NULL, 80, NULL),
(258, 5, '2023-08-22 00:00:00', NULL, 70, NULL),
(259, 6, '2023-08-22 00:00:00', NULL, 80, 1),
(260, 7, '2023-08-22 00:00:00', NULL, 80, 1),
(261, 3, '2023-08-23 00:00:00', NULL, 80, 1),
(262, 4, '2023-08-23 00:00:00', NULL, 80, NULL),
(263, 5, '2023-08-23 00:00:00', NULL, 70, NULL),
(264, 6, '2023-08-23 00:00:00', NULL, 80, 1),
(265, 7, '2023-08-23 00:00:00', NULL, 80, 1),
(266, 3, '2023-08-24 00:00:00', NULL, 80, 1),
(267, 4, '2023-08-24 00:00:00', NULL, 80, NULL),
(268, 5, '2023-08-24 00:00:00', NULL, 70, NULL),
(269, 6, '2023-08-24 00:00:00', NULL, 80, 1),
(270, 7, '2023-08-24 00:00:00', NULL, 80, 1),
(271, 3, '2023-08-25 00:00:00', NULL, 80, 1),
(272, 4, '2023-08-25 00:00:00', NULL, 80, NULL),
(273, 5, '2023-08-25 00:00:00', NULL, 70, NULL),
(274, 6, '2023-08-25 00:00:00', NULL, 80, 1),
(275, 7, '2023-08-25 00:00:00', NULL, 80, 1),
(276, 3, '2023-08-26 00:00:00', NULL, 80, NULL),
(277, 4, '2023-08-26 00:00:00', NULL, 80, NULL),
(278, 5, '2023-08-26 00:00:00', NULL, 70, NULL),
(279, 6, '2023-08-26 00:00:00', NULL, 80, 1),
(280, 7, '2023-08-26 00:00:00', NULL, 80, 1),
(281, 3, '2023-08-27 00:00:00', NULL, 80, NULL),
(282, 4, '2023-08-27 00:00:00', NULL, 80, NULL),
(283, 5, '2023-08-27 00:00:00', NULL, 70, NULL),
(284, 6, '2023-08-27 00:00:00', NULL, 80, NULL),
(285, 7, '2023-08-27 00:00:00', NULL, 80, NULL),
(286, 3, '2023-08-28 00:00:00', NULL, 80, 1),
(287, 4, '2023-08-28 00:00:00', NULL, 80, 1),
(288, 5, '2023-08-28 00:00:00', NULL, 70, 1),
(289, 6, '2023-08-28 00:00:00', NULL, 80, 1),
(290, 7, '2023-08-28 00:00:00', NULL, 80, 1),
(291, 3, '2023-08-29 00:00:00', NULL, 80, 1),
(292, 4, '2023-08-29 00:00:00', NULL, 80, 1),
(293, 5, '2023-08-29 00:00:00', NULL, 70, 1),
(294, 6, '2023-08-29 00:00:00', NULL, 80, 1),
(295, 7, '2023-08-29 00:00:00', NULL, 80, 1),
(296, 3, '2023-08-30 00:00:00', NULL, 80, 1),
(297, 4, '2023-08-30 00:00:00', NULL, 80, 1),
(298, 5, '2023-08-30 00:00:00', NULL, 70, 1),
(299, 6, '2023-08-30 00:00:00', NULL, 80, 1),
(300, 7, '2023-08-30 00:00:00', NULL, 80, 1),
(301, 3, '2023-08-31 00:00:00', NULL, 80, 1),
(302, 4, '2023-08-31 00:00:00', NULL, 80, 1),
(303, 5, '2023-08-31 00:00:00', NULL, 70, 1),
(304, 6, '2023-08-31 00:00:00', NULL, 80, 1),
(305, 7, '2023-08-31 00:00:00', NULL, 80, 1),
(312, 3, '2023-10-02 00:00:00', NULL, 120, 1),
(313, 4, '2023-10-02 00:00:00', NULL, 70, 1),
(314, 5, '2023-10-02 00:00:00', NULL, 70, 1),
(315, 6, '2023-10-02 00:00:00', NULL, 80, 1),
(316, 7, '2023-10-02 00:00:00', NULL, 80, 1),
(317, 8, '2023-10-02 00:00:00', NULL, 70, 1),
(318, 3, '2023-10-03 00:00:00', NULL, 120, 1),
(319, 4, '2023-10-03 00:00:00', NULL, 70, 1),
(320, 5, '2023-10-03 00:00:00', NULL, 70, 1),
(321, 6, '2023-10-03 00:00:00', NULL, 80, 1),
(322, 7, '2023-10-03 00:00:00', NULL, 80, 1),
(324, 3, '2023-10-04 00:00:00', NULL, 120, 1),
(325, 4, '2023-10-04 00:00:00', NULL, 70, 1),
(326, 5, '2023-10-04 00:00:00', NULL, 70, 1),
(327, 6, '2023-10-04 00:00:00', NULL, 80, 1),
(328, 7, '2023-10-04 00:00:00', NULL, 80, 1),
(329, 8, '2023-10-04 00:00:00', NULL, 70, 1),
(330, 3, '2023-10-05 00:00:00', NULL, 120, 1),
(331, 4, '2023-10-05 00:00:00', NULL, 70, 1),
(332, 5, '2023-10-05 00:00:00', NULL, 70, 1),
(333, 6, '2023-10-05 00:00:00', NULL, 80, 1),
(334, 7, '2023-10-05 00:00:00', NULL, 80, 1),
(335, 8, '2023-10-05 00:00:00', 'Demi journée', 40, 1),
(336, 3, '2023-10-06 00:00:00', NULL, 120, 1),
(337, 4, '2023-10-06 00:00:00', NULL, 70, 1),
(338, 5, '2023-10-06 00:00:00', NULL, 70, 1),
(339, 6, '2023-10-06 00:00:00', NULL, 80, 1),
(340, 7, '2023-10-06 00:00:00', NULL, 80, 1),
(341, 8, '2023-10-06 00:00:00', NULL, 70, 1),
(354, 3, '2023-10-09 00:00:00', NULL, 120, 1),
(355, 4, '2023-10-09 00:00:00', NULL, 70, 1),
(356, 5, '2023-10-09 00:00:00', NULL, 70, 1),
(357, 6, '2023-10-09 00:00:00', NULL, 80, 1),
(358, 7, '2023-10-09 00:00:00', NULL, 80, 1),
(359, 8, '2023-10-09 00:00:00', 'A clôturer et a facturer', 0, 1),
(360, 3, '2023-10-10 00:00:00', NULL, 120, 1),
(361, 4, '2023-10-10 00:00:00', NULL, 70, 1),
(362, 5, '2023-10-10 00:00:00', NULL, 70, 1),
(363, 6, '2023-10-10 00:00:00', NULL, 80, 1),
(364, 7, '2023-10-10 00:00:00', NULL, 80, 1),
(365, 8, '2023-10-10 00:00:00', NULL, 70, 1),
(366, 3, '2023-10-11 00:00:00', NULL, 120, 1),
(367, 4, '2023-10-11 00:00:00', NULL, 70, 1),
(368, 5, '2023-10-11 00:00:00', NULL, 70, 1),
(369, 6, '2023-10-11 00:00:00', NULL, 80, 1),
(370, 7, '2023-10-11 00:00:00', NULL, 80, 1),
(371, 8, '2023-10-11 00:00:00', NULL, 70, 1),
(372, 3, '2023-10-12 00:00:00', NULL, 120, 1),
(373, 4, '2023-10-12 00:00:00', NULL, 70, 1),
(374, 5, '2023-10-12 00:00:00', NULL, 70, 1),
(375, 6, '2023-10-12 00:00:00', NULL, 80, 1),
(376, 7, '2023-10-12 00:00:00', NULL, 80, 1),
(377, 8, '2023-10-12 00:00:00', NULL, 70, 1),
(378, 3, '2023-10-13 00:00:00', NULL, 120, 1),
(379, 4, '2023-10-13 00:00:00', NULL, 70, 1),
(380, 5, '2023-10-13 00:00:00', NULL, 70, 1),
(381, 6, '2023-10-13 00:00:00', NULL, 80, 1),
(382, 7, '2023-10-13 00:00:00', 'Afera', 0, 1),
(383, 8, '2023-10-13 00:00:00', NULL, 70, 1),
(396, 3, '2023-10-16 00:00:00', NULL, 120, 1),
(397, 4, '2023-10-16 00:00:00', NULL, 70, 1),
(398, 5, '2023-10-16 00:00:00', NULL, 70, 1),
(399, 6, '2023-10-16 00:00:00', NULL, 80, 1),
(400, 7, '2023-10-16 00:00:00', NULL, 80, 1),
(401, 8, '2023-10-16 00:00:00', NULL, 70, 1),
(402, 3, '2023-10-17 00:00:00', NULL, 120, 1),
(403, 4, '2023-10-17 00:00:00', NULL, 70, 1),
(404, 5, '2023-10-17 00:00:00', NULL, 70, 1),
(405, 6, '2023-10-17 00:00:00', NULL, 80, 1),
(406, 7, '2023-10-17 00:00:00', NULL, 80, 1),
(407, 8, '2023-10-17 00:00:00', NULL, 70, 1),
(408, 3, '2023-10-18 00:00:00', NULL, 120, 1),
(409, 4, '2023-10-18 00:00:00', NULL, 70, 1),
(410, 5, '2023-10-18 00:00:00', NULL, 70, 1),
(411, 6, '2023-10-18 00:00:00', NULL, 80, 1),
(412, 7, '2023-10-18 00:00:00', NULL, 80, 1),
(413, 8, '2023-10-18 00:00:00', NULL, 70, 1),
(414, 3, '2023-10-19 00:00:00', NULL, 120, 0),
(415, 4, '2023-10-19 00:00:00', NULL, 70, 1),
(416, 5, '2023-10-19 00:00:00', NULL, 70, 1),
(417, 6, '2023-10-19 00:00:00', NULL, 80, 1),
(418, 7, '2023-10-19 00:00:00', NULL, 80, 1),
(419, 8, '2023-10-19 00:00:00', NULL, 70, 1),
(420, 3, '2023-10-20 00:00:00', NULL, 120, 1),
(421, 4, '2023-10-20 00:00:00', NULL, 70, 1),
(422, 5, '2023-10-20 00:00:00', NULL, 70, 1),
(423, 6, '2023-10-20 00:00:00', NULL, 80, 1),
(424, 7, '2023-10-20 00:00:00', NULL, 80, 1),
(425, 8, '2023-10-20 00:00:00', NULL, 70, 1),
(438, 3, '2023-10-23 00:00:00', NULL, 120, 1),
(439, 4, '2023-10-23 00:00:00', NULL, 70, 1),
(440, 5, '2023-10-23 00:00:00', NULL, 70, 1),
(441, 6, '2023-10-23 00:00:00', NULL, 80, 1),
(442, 7, '2023-10-23 00:00:00', NULL, 80, 1),
(443, 8, '2023-10-23 00:00:00', NULL, 70, 1),
(444, 3, '2023-10-24 00:00:00', NULL, 120, 1),
(445, 4, '2023-10-24 00:00:00', NULL, 70, 1),
(446, 5, '2023-10-24 00:00:00', NULL, 70, 1),
(447, 6, '2023-10-24 00:00:00', NULL, 80, 1),
(448, 7, '2023-10-24 00:00:00', NULL, 80, 1),
(449, 8, '2023-10-24 00:00:00', NULL, 70, 1),
(450, 3, '2023-10-25 00:00:00', NULL, 120, 1),
(451, 4, '2023-10-25 00:00:00', 'Absent rdv signature tsiky', 0, 0),
(452, 5, '2023-10-25 00:00:00', NULL, 70, 1),
(453, 6, '2023-10-25 00:00:00', NULL, 80, 1),
(454, 7, '2023-10-25 00:00:00', NULL, 80, 1),
(455, 8, '2023-10-25 00:00:00', NULL, 70, 1),
(456, 3, '2023-10-26 00:00:00', NULL, 120, 1),
(457, 4, '2023-10-26 00:00:00', NULL, 70, 0),
(458, 5, '2023-10-26 00:00:00', NULL, 70, 1),
(459, 6, '2023-10-26 00:00:00', NULL, 80, 1),
(460, 7, '2023-10-26 00:00:00', NULL, 80, 1),
(461, 8, '2023-10-26 00:00:00', NULL, 70, 1),
(462, 3, '2023-10-27 00:00:00', NULL, 120, 1),
(463, 4, '2023-10-27 00:00:00', NULL, 70, 0),
(464, 5, '2023-10-27 00:00:00', NULL, 70, 1),
(465, 6, '2023-10-27 00:00:00', NULL, 80, 1),
(466, 7, '2023-10-27 00:00:00', NULL, 80, 1),
(467, 8, '2023-10-27 00:00:00', NULL, 70, 1),
(480, 3, '2023-10-30 00:00:00', NULL, 120, 1),
(481, 4, '2023-10-30 00:00:00', NULL, 70, 1),
(482, 5, '2023-10-30 00:00:00', NULL, 70, 1),
(483, 6, '2023-10-30 00:00:00', NULL, 80, 1),
(484, 7, '2023-10-30 00:00:00', NULL, 80, 1),
(485, 8, '2023-10-30 00:00:00', NULL, 70, 1),
(486, 3, '2023-10-31 00:00:00', NULL, 120, 1),
(487, 4, '2023-10-31 00:00:00', NULL, 70, 1),
(488, 5, '2023-10-31 00:00:00', NULL, 70, 1),
(489, 6, '2023-10-31 00:00:00', NULL, 80, 1),
(490, 7, '2023-10-31 00:00:00', NULL, 80, 1),
(491, 8, '2023-10-31 00:00:00', NULL, 70, 1),
(492, 8, '2023-08-01 00:00:00', NULL, 70, NULL),
(493, 9, '2023-08-01 00:00:00', NULL, 80, 1),
(494, 10, '2023-08-01 00:00:00', NULL, 80, 1),
(495, 8, '2023-08-02 00:00:00', NULL, 70, NULL),
(496, 9, '2023-08-02 00:00:00', NULL, 80, 1),
(497, 10, '2023-08-02 00:00:00', NULL, 80, 1),
(498, 8, '2023-08-03 00:00:00', NULL, 70, NULL),
(499, 9, '2023-08-03 00:00:00', NULL, 80, 1),
(500, 10, '2023-08-03 00:00:00', NULL, 80, 1),
(501, 8, '2023-08-04 00:00:00', NULL, 70, 1),
(502, 9, '2023-08-04 00:00:00', NULL, 80, 1),
(503, 10, '2023-08-04 00:00:00', NULL, 80, 1),
(504, 8, '2023-08-05 00:00:00', NULL, 70, NULL),
(505, 9, '2023-08-05 00:00:00', NULL, 80, NULL),
(506, 10, '2023-08-05 00:00:00', NULL, 80, NULL),
(507, 8, '2023-08-06 00:00:00', NULL, 70, NULL),
(508, 9, '2023-08-06 00:00:00', NULL, 80, NULL),
(509, 10, '2023-08-06 00:00:00', NULL, 80, NULL),
(510, 8, '2023-08-07 00:00:00', NULL, 70, NULL),
(511, 9, '2023-08-07 00:00:00', NULL, 80, NULL),
(512, 10, '2023-08-07 00:00:00', NULL, 80, 1),
(513, 8, '2023-08-08 00:00:00', NULL, 70, NULL),
(514, 9, '2023-08-08 00:00:00', NULL, 80, NULL),
(515, 10, '2023-08-08 00:00:00', NULL, 80, 1),
(516, 8, '2023-08-09 00:00:00', NULL, 70, NULL),
(517, 9, '2023-08-09 00:00:00', NULL, 80, NULL),
(518, 10, '2023-08-09 00:00:00', NULL, 80, 1),
(519, 8, '2023-08-10 00:00:00', NULL, 70, NULL),
(520, 9, '2023-08-10 00:00:00', NULL, 80, NULL),
(521, 10, '2023-08-10 00:00:00', NULL, 80, NULL),
(522, 8, '2023-08-11 00:00:00', NULL, 70, NULL),
(523, 9, '2023-08-11 00:00:00', 'Absent mais facturé', 0, 1),
(524, 10, '2023-08-11 00:00:00', 'Absent fact', 0, 1),
(525, 8, '2023-08-12 00:00:00', NULL, 70, NULL),
(526, 9, '2023-08-12 00:00:00', NULL, 80, NULL),
(527, 10, '2023-08-12 00:00:00', NULL, 80, NULL),
(528, 8, '2023-08-13 00:00:00', NULL, 70, NULL),
(529, 9, '2023-08-13 00:00:00', NULL, 80, NULL),
(530, 10, '2023-08-13 00:00:00', NULL, 80, NULL),
(531, 8, '2023-08-14 00:00:00', NULL, 70, NULL),
(532, 9, '2023-08-14 00:00:00', NULL, 80, NULL),
(533, 10, '2023-08-14 00:00:00', NULL, 80, NULL),
(534, 8, '2023-08-15 00:00:00', NULL, 70, NULL),
(535, 9, '2023-08-15 00:00:00', NULL, 80, NULL),
(536, 10, '2023-08-15 00:00:00', NULL, 80, NULL),
(537, 8, '2023-08-16 00:00:00', NULL, 70, NULL),
(538, 9, '2023-08-16 00:00:00', NULL, 80, NULL),
(539, 10, '2023-08-16 00:00:00', NULL, 80, NULL),
(540, 8, '2023-08-17 00:00:00', NULL, 70, NULL),
(541, 9, '2023-08-17 00:00:00', NULL, 80, NULL),
(542, 10, '2023-08-17 00:00:00', NULL, 80, NULL),
(543, 8, '2023-08-18 00:00:00', NULL, 70, NULL),
(544, 9, '2023-08-18 00:00:00', NULL, 80, NULL),
(545, 10, '2023-08-18 00:00:00', NULL, 80, NULL),
(546, 8, '2023-08-19 00:00:00', NULL, 70, NULL),
(547, 9, '2023-08-19 00:00:00', NULL, 80, NULL),
(548, 10, '2023-08-19 00:00:00', NULL, 80, NULL),
(549, 8, '2023-08-20 00:00:00', NULL, 70, NULL),
(550, 9, '2023-08-20 00:00:00', NULL, 80, NULL),
(551, 10, '2023-08-20 00:00:00', NULL, 80, NULL),
(552, 8, '2023-08-21 00:00:00', NULL, 70, NULL),
(553, 9, '2023-08-21 00:00:00', NULL, 80, NULL),
(554, 10, '2023-08-21 00:00:00', NULL, 80, NULL),
(555, 8, '2023-08-22 00:00:00', NULL, 70, NULL),
(556, 9, '2023-08-22 00:00:00', NULL, 80, NULL),
(557, 10, '2023-08-22 00:00:00', NULL, 80, NULL),
(558, 8, '2023-08-23 00:00:00', NULL, 70, NULL),
(559, 9, '2023-08-23 00:00:00', NULL, 80, NULL),
(560, 10, '2023-08-23 00:00:00', NULL, 80, NULL),
(561, 8, '2023-08-24 00:00:00', NULL, 70, NULL),
(562, 9, '2023-08-24 00:00:00', NULL, 80, NULL),
(563, 10, '2023-08-24 00:00:00', NULL, 80, NULL),
(564, 8, '2023-08-25 00:00:00', NULL, 70, NULL),
(565, 9, '2023-08-25 00:00:00', NULL, 80, NULL),
(566, 10, '2023-08-25 00:00:00', NULL, 80, NULL),
(567, 8, '2023-08-26 00:00:00', NULL, 70, NULL),
(568, 9, '2023-08-26 00:00:00', NULL, 80, NULL),
(569, 10, '2023-08-26 00:00:00', NULL, 80, NULL),
(570, 8, '2023-08-27 00:00:00', NULL, 70, NULL),
(571, 9, '2023-08-27 00:00:00', NULL, 80, NULL),
(572, 10, '2023-08-27 00:00:00', NULL, 80, NULL),
(573, 8, '2023-08-28 00:00:00', NULL, 70, NULL),
(574, 9, '2023-08-28 00:00:00', NULL, 80, NULL),
(575, 10, '2023-08-28 00:00:00', NULL, 80, NULL),
(576, 8, '2023-08-29 00:00:00', NULL, 70, NULL),
(577, 9, '2023-08-29 00:00:00', NULL, 80, NULL),
(578, 10, '2023-08-29 00:00:00', NULL, 80, NULL),
(579, 8, '2023-08-30 00:00:00', NULL, 70, NULL),
(580, 9, '2023-08-30 00:00:00', NULL, 80, NULL),
(581, 10, '2023-08-30 00:00:00', NULL, 80, NULL),
(582, 8, '2023-08-31 00:00:00', NULL, 70, NULL),
(583, 9, '2023-08-31 00:00:00', NULL, 80, NULL),
(584, 10, '2023-08-31 00:00:00', NULL, 80, NULL),
(587, 9, '2023-10-02 00:00:00', NULL, 80, 1),
(589, 9, '2023-10-03 00:00:00', NULL, 80, 1),
(591, 9, '2023-10-04 00:00:00', NULL, 80, 1),
(593, 9, '2023-10-05 00:00:00', NULL, 80, 1),
(595, 9, '2023-10-06 00:00:00', 'Absent', 0, 0),
(647, 3, '2023-11-01 00:00:00', NULL, 130, 0),
(857, 4, '2023-11-01 00:00:00', NULL, 70, NULL),
(858, 5, '2023-11-01 00:00:00', NULL, 70, NULL),
(859, 6, '2023-11-01 00:00:00', NULL, 80, NULL),
(860, 7, '2023-11-01 00:00:00', NULL, 80, NULL),
(861, 8, '2023-11-01 00:00:00', NULL, 70, NULL),
(862, 9, '2023-11-01 00:00:00', NULL, 80, NULL),
(863, 3, '2023-11-02 00:00:00', NULL, 130, 1),
(864, 4, '2023-11-02 00:00:00', NULL, 70, 1),
(865, 5, '2023-11-02 00:00:00', NULL, 70, 1),
(866, 6, '2023-11-02 00:00:00', NULL, 80, 1),
(867, 7, '2023-11-02 00:00:00', NULL, 80, 1),
(868, 8, '2023-11-02 00:00:00', NULL, 70, 1),
(869, 9, '2023-11-02 00:00:00', NULL, 80, NULL),
(870, 3, '2023-11-03 00:00:00', 'Afera', 130, 1),
(871, 4, '2023-11-03 00:00:00', NULL, 70, 1),
(872, 5, '2023-11-03 00:00:00', NULL, 70, 1),
(873, 6, '2023-11-03 00:00:00', NULL, 80, 1),
(874, 7, '2023-11-03 00:00:00', NULL, 80, 1),
(875, 8, '2023-11-03 00:00:00', NULL, 70, 1),
(876, 9, '2023-11-03 00:00:00', NULL, 80, NULL),
(877, 3, '2023-11-04 00:00:00', NULL, 130, NULL),
(878, 4, '2023-11-04 00:00:00', NULL, 70, 0),
(879, 5, '2023-11-04 00:00:00', NULL, 70, NULL),
(880, 6, '2023-11-04 00:00:00', NULL, 80, 1),
(881, 7, '2023-11-04 00:00:00', 'Non confirmé', 80, 1),
(882, 8, '2023-11-04 00:00:00', NULL, 70, NULL),
(883, 9, '2023-11-04 00:00:00', NULL, 80, NULL),
(884, 3, '2023-11-06 00:00:00', NULL, 130, 1),
(885, 4, '2023-11-06 00:00:00', NULL, 70, 1),
(886, 5, '2023-11-06 00:00:00', NULL, 70, 1),
(887, 6, '2023-11-06 00:00:00', NULL, 80, 1),
(888, 7, '2023-11-06 00:00:00', NULL, 80, 1),
(889, 8, '2023-11-06 00:00:00', NULL, 70, 1),
(890, 9, '2023-11-06 00:00:00', NULL, 80, NULL),
(891, 3, '2023-11-07 00:00:00', NULL, 130, 1),
(892, 4, '2023-11-07 00:00:00', NULL, 70, 1),
(893, 5, '2023-11-07 00:00:00', NULL, 70, 1),
(894, 6, '2023-11-07 00:00:00', NULL, 80, 1),
(895, 7, '2023-11-07 00:00:00', NULL, 80, 1),
(896, 8, '2023-11-07 00:00:00', NULL, 70, 1),
(897, 9, '2023-11-07 00:00:00', NULL, 80, NULL),
(898, 3, '2023-11-08 00:00:00', NULL, 130, 1),
(899, 4, '2023-11-08 00:00:00', NULL, 70, 1),
(900, 5, '2023-11-08 00:00:00', NULL, 70, 1),
(901, 6, '2023-11-08 00:00:00', NULL, 80, 1),
(902, 7, '2023-11-08 00:00:00', NULL, 80, 1),
(903, 8, '2023-11-08 00:00:00', NULL, 70, 1),
(904, 9, '2023-11-08 00:00:00', NULL, 80, NULL),
(905, 3, '2023-11-09 00:00:00', NULL, 130, 1),
(906, 4, '2023-11-09 00:00:00', NULL, 70, 1),
(907, 5, '2023-11-09 00:00:00', NULL, 70, 1),
(908, 6, '2023-11-09 00:00:00', NULL, 80, 1),
(909, 7, '2023-11-09 00:00:00', NULL, 80, 1),
(910, 8, '2023-11-09 00:00:00', NULL, 70, 1),
(911, 9, '2023-11-09 00:00:00', NULL, 80, NULL),
(912, 3, '2023-11-10 00:00:00', NULL, 130, 1),
(913, 4, '2023-11-10 00:00:00', NULL, 70, 1),
(914, 5, '2023-11-10 00:00:00', NULL, 70, 1),
(915, 6, '2023-11-10 00:00:00', NULL, 80, 1),
(916, 7, '2023-11-10 00:00:00', NULL, 80, 1),
(917, 8, '2023-11-10 00:00:00', NULL, 70, 1),
(918, 9, '2023-11-10 00:00:00', NULL, 80, NULL),
(919, 3, '2023-11-11 00:00:00', NULL, 130, NULL),
(920, 4, '2023-11-11 00:00:00', NULL, 70, NULL),
(921, 5, '2023-11-11 00:00:00', NULL, 70, NULL),
(922, 6, '2023-11-11 00:00:00', NULL, 80, NULL),
(923, 7, '2023-11-11 00:00:00', NULL, 80, NULL),
(924, 8, '2023-11-11 00:00:00', NULL, 70, NULL),
(925, 9, '2023-11-11 00:00:00', NULL, 80, NULL),
(926, 3, '2023-11-13 00:00:00', NULL, 130, 1),
(927, 4, '2023-11-13 00:00:00', NULL, 70, 1),
(928, 5, '2023-11-13 00:00:00', NULL, 70, 1),
(929, 6, '2023-11-13 00:00:00', NULL, 80, 1),
(930, 7, '2023-11-13 00:00:00', NULL, 80, 1),
(931, 8, '2023-11-13 00:00:00', NULL, 70, 1),
(932, 9, '2023-11-13 00:00:00', NULL, 80, NULL),
(933, 3, '2023-11-14 00:00:00', NULL, 130, 1),
(934, 4, '2023-11-14 00:00:00', NULL, 70, 1),
(935, 5, '2023-11-14 00:00:00', NULL, 70, 1),
(936, 6, '2023-11-14 00:00:00', NULL, 80, 1),
(937, 7, '2023-11-14 00:00:00', NULL, 80, 1),
(938, 8, '2023-11-14 00:00:00', NULL, 70, 1),
(939, 9, '2023-11-14 00:00:00', NULL, 80, NULL),
(940, 3, '2023-11-15 00:00:00', NULL, 130, 1),
(941, 4, '2023-11-15 00:00:00', NULL, 70, 1),
(942, 5, '2023-11-15 00:00:00', NULL, 70, 1),
(943, 6, '2023-11-15 00:00:00', NULL, 80, 1),
(944, 7, '2023-11-15 00:00:00', NULL, 80, 1),
(945, 8, '2023-11-15 00:00:00', NULL, 70, 1),
(946, 9, '2023-11-15 00:00:00', NULL, 80, NULL),
(947, 3, '2023-11-16 00:00:00', 'Absent', 130, 1),
(948, 4, '2023-11-16 00:00:00', NULL, 70, 1),
(949, 5, '2023-11-16 00:00:00', NULL, 70, 1),
(950, 6, '2023-11-16 00:00:00', NULL, 80, 1),
(951, 7, '2023-11-16 00:00:00', NULL, 80, 1),
(952, 8, '2023-11-16 00:00:00', NULL, 70, 1),
(953, 9, '2023-11-16 00:00:00', NULL, 80, NULL),
(954, 3, '2023-11-17 00:00:00', NULL, 130, 1),
(955, 4, '2023-11-17 00:00:00', NULL, 70, 1),
(956, 5, '2023-11-17 00:00:00', NULL, 70, 1),
(957, 6, '2023-11-17 00:00:00', NULL, 80, 1),
(958, 7, '2023-11-17 00:00:00', NULL, 80, 1),
(959, 8, '2023-11-17 00:00:00', NULL, 70, 1),
(960, 9, '2023-11-17 00:00:00', NULL, 80, NULL),
(961, 3, '2023-11-18 00:00:00', NULL, 130, NULL),
(962, 4, '2023-11-18 00:00:00', NULL, 70, NULL),
(963, 5, '2023-11-18 00:00:00', NULL, 70, NULL),
(964, 6, '2023-11-18 00:00:00', NULL, 80, 1),
(965, 7, '2023-11-18 00:00:00', NULL, 80, 1),
(966, 8, '2023-11-18 00:00:00', NULL, 70, 0),
(967, 9, '2023-11-18 00:00:00', NULL, 80, NULL),
(968, 3, '2023-11-20 00:00:00', NULL, 130, 1),
(969, 4, '2023-11-20 00:00:00', NULL, 70, 1),
(970, 5, '2023-11-20 00:00:00', NULL, 70, 0),
(971, 6, '2023-11-20 00:00:00', NULL, 80, 1),
(972, 7, '2023-11-20 00:00:00', NULL, 80, 1),
(973, 8, '2023-11-20 00:00:00', NULL, 70, 1),
(974, 9, '2023-11-20 00:00:00', NULL, 80, NULL),
(975, 3, '2023-11-21 00:00:00', NULL, 130, 1),
(976, 4, '2023-11-21 00:00:00', NULL, 70, 1),
(977, 5, '2023-11-21 00:00:00', NULL, 70, 1),
(978, 6, '2023-11-21 00:00:00', NULL, 80, 1),
(979, 7, '2023-11-21 00:00:00', NULL, 80, 1),
(980, 8, '2023-11-21 00:00:00', NULL, 70, 1),
(981, 9, '2023-11-21 00:00:00', NULL, 80, NULL),
(982, 3, '2023-11-22 00:00:00', NULL, 130, 1),
(983, 4, '2023-11-22 00:00:00', NULL, 70, 1),
(984, 5, '2023-11-22 00:00:00', NULL, 70, 1),
(985, 6, '2023-11-22 00:00:00', NULL, 80, 1),
(986, 7, '2023-11-22 00:00:00', NULL, 80, 1),
(987, 8, '2023-11-22 00:00:00', NULL, 70, 1),
(988, 9, '2023-11-22 00:00:00', NULL, 80, NULL),
(989, 3, '2023-11-23 00:00:00', NULL, 130, 1),
(990, 4, '2023-11-23 00:00:00', NULL, 70, 1),
(991, 5, '2023-11-23 00:00:00', NULL, 70, 1),
(992, 6, '2023-11-23 00:00:00', NULL, 80, 1),
(993, 7, '2023-11-23 00:00:00', NULL, 80, 1),
(994, 8, '2023-11-23 00:00:00', NULL, 70, 1),
(995, 9, '2023-11-23 00:00:00', NULL, 80, NULL),
(996, 3, '2023-11-24 00:00:00', NULL, 130, 1),
(997, 4, '2023-11-24 00:00:00', NULL, 70, 1),
(998, 5, '2023-11-24 00:00:00', NULL, 70, 1),
(999, 6, '2023-11-24 00:00:00', NULL, 80, 1),
(1000, 7, '2023-11-24 00:00:00', NULL, 80, 1),
(1001, 8, '2023-11-24 00:00:00', NULL, 70, 0),
(1002, 9, '2023-11-24 00:00:00', NULL, 80, NULL),
(1003, 3, '2023-11-25 00:00:00', NULL, 130, NULL),
(1004, 4, '2023-11-25 00:00:00', NULL, 70, NULL),
(1005, 5, '2023-11-25 00:00:00', NULL, 70, NULL),
(1006, 6, '2023-11-25 00:00:00', NULL, 80, 1),
(1007, 7, '2023-11-25 00:00:00', NULL, 80, NULL),
(1008, 8, '2023-11-25 00:00:00', NULL, 70, 0),
(1009, 9, '2023-11-25 00:00:00', NULL, 80, NULL),
(1010, 3, '2023-11-27 00:00:00', NULL, 130, 1),
(1011, 4, '2023-11-27 00:00:00', NULL, 70, 1),
(1012, 5, '2023-11-27 00:00:00', NULL, 70, 1),
(1013, 6, '2023-11-27 00:00:00', NULL, 80, 1),
(1014, 7, '2023-11-27 00:00:00', NULL, 80, 1),
(1015, 8, '2023-11-27 00:00:00', NULL, 70, 1),
(1016, 9, '2023-11-27 00:00:00', NULL, 80, NULL),
(1017, 3, '2023-11-28 00:00:00', NULL, 130, 1),
(1018, 4, '2023-11-28 00:00:00', NULL, 70, 1),
(1019, 5, '2023-11-28 00:00:00', NULL, 70, 1),
(1020, 6, '2023-11-28 00:00:00', NULL, 80, 1),
(1021, 7, '2023-11-28 00:00:00', NULL, 80, 1),
(1022, 8, '2023-11-28 00:00:00', NULL, 70, 0),
(1023, 9, '2023-11-28 00:00:00', NULL, 80, NULL),
(1024, 3, '2023-11-29 00:00:00', NULL, 130, 1),
(1025, 4, '2023-11-29 00:00:00', NULL, 70, 1),
(1026, 5, '2023-11-29 00:00:00', NULL, 70, 0),
(1027, 6, '2023-11-29 00:00:00', NULL, 80, 1),
(1028, 7, '2023-11-29 00:00:00', NULL, 80, 1),
(1029, 8, '2023-11-29 00:00:00', NULL, 70, 0),
(1030, 9, '2023-11-29 00:00:00', NULL, 80, NULL),
(1031, 3, '2023-11-30 00:00:00', NULL, 130, 1),
(1032, 4, '2023-11-30 00:00:00', NULL, 70, 1),
(1033, 5, '2023-11-30 00:00:00', NULL, 70, 1),
(1034, 6, '2023-11-30 00:00:00', NULL, 80, 1),
(1035, 7, '2023-11-30 00:00:00', NULL, 80, 1),
(1036, 8, '2023-11-30 00:00:00', NULL, 70, 0),
(1037, 9, '2023-11-30 00:00:00', NULL, 80, NULL),
(1038, 8, '2023-10-03 00:00:00', NULL, 70, NULL),
(1041, 5, '2023-10-07 00:00:00', NULL, 70, NULL),
(1042, 6, '2023-10-07 00:00:00', NULL, 80, 1),
(1043, 7, '2023-10-07 00:00:00', 'Absent', 0, 0),
(1044, 8, '2023-10-07 00:00:00', NULL, 70, NULL),
(1045, 9, '2023-10-07 00:00:00', NULL, 80, NULL),
(1046, 9, '2023-10-09 00:00:00', NULL, 80, NULL),
(1047, 9, '2023-10-10 00:00:00', NULL, 80, NULL),
(1048, 9, '2023-10-11 00:00:00', NULL, 80, NULL),
(1049, 9, '2023-10-12 00:00:00', NULL, 80, NULL),
(1050, 9, '2023-10-13 00:00:00', NULL, 80, NULL),
(1051, 3, '2023-10-14 00:00:00', NULL, 120, NULL),
(1052, 4, '2023-10-14 00:00:00', NULL, 70, NULL),
(1053, 5, '2023-10-14 00:00:00', NULL, 70, NULL),
(1054, 6, '2023-10-14 00:00:00', NULL, 80, 1),
(1055, 7, '2023-10-14 00:00:00', 'Afera', 0, 1),
(1056, 8, '2023-10-14 00:00:00', NULL, 70, NULL),
(1057, 9, '2023-10-14 00:00:00', NULL, 80, NULL),
(1058, 9, '2023-10-16 00:00:00', NULL, 80, NULL),
(1059, 9, '2023-10-17 00:00:00', NULL, 80, NULL),
(1060, 9, '2023-10-18 00:00:00', NULL, 80, NULL),
(1061, 9, '2023-10-19 00:00:00', NULL, 80, NULL),
(1062, 9, '2023-10-20 00:00:00', NULL, 80, NULL),
(1063, 3, '2023-10-21 00:00:00', NULL, 120, NULL),
(1064, 4, '2023-10-21 00:00:00', NULL, 70, NULL),
(1065, 5, '2023-10-21 00:00:00', NULL, 70, NULL),
(1066, 6, '2023-10-21 00:00:00', NULL, 80, 1),
(1067, 7, '2023-10-21 00:00:00', NULL, 80, 1),
(1068, 8, '2023-10-21 00:00:00', NULL, 70, NULL),
(1069, 9, '2023-10-21 00:00:00', NULL, 80, NULL),
(1070, 9, '2023-10-23 00:00:00', NULL, 80, NULL),
(1071, 9, '2023-10-24 00:00:00', NULL, 80, NULL),
(1072, 9, '2023-10-25 00:00:00', NULL, 80, NULL),
(1073, 9, '2023-10-26 00:00:00', NULL, 80, NULL),
(1074, 9, '2023-10-27 00:00:00', NULL, 80, NULL),
(1075, 3, '2023-10-28 00:00:00', NULL, 120, NULL),
(1076, 4, '2023-10-28 00:00:00', NULL, 70, NULL),
(1077, 5, '2023-10-28 00:00:00', NULL, 70, NULL),
(1078, 6, '2023-10-28 00:00:00', NULL, 80, 1),
(1079, 7, '2023-10-28 00:00:00', NULL, 80, 1),
(1080, 8, '2023-10-28 00:00:00', NULL, 70, NULL),
(1081, 9, '2023-10-28 00:00:00', NULL, 80, NULL),
(1082, 9, '2023-10-30 00:00:00', NULL, 80, NULL),
(1083, 9, '2023-10-31 00:00:00', NULL, 80, NULL),
(1084, 4, '2023-12-01 00:00:00', NULL, 70, 1),
(1085, 5, '2023-12-01 00:00:00', NULL, 70, 1),
(1086, 6, '2023-12-01 00:00:00', NULL, 80, 1),
(1087, 7, '2023-12-01 00:00:00', NULL, 80, 1),
(1088, 8, '2023-12-01 00:00:00', NULL, 70, 1),
(1089, 9, '2023-12-01 00:00:00', NULL, 80, NULL),
(1090, 4, '2023-12-02 00:00:00', NULL, 70, 0),
(1091, 5, '2023-12-02 00:00:00', NULL, 70, NULL),
(1092, 6, '2023-12-02 00:00:00', NULL, 80, NULL),
(1093, 7, '2023-12-02 00:00:00', NULL, 80, NULL),
(1094, 8, '2023-12-02 00:00:00', NULL, 70, NULL),
(1095, 9, '2023-12-02 00:00:00', NULL, 80, NULL),
(1096, 4, '2023-12-04 00:00:00', NULL, 70, 1),
(1097, 5, '2023-12-04 00:00:00', NULL, 70, 1),
(1098, 6, '2023-12-04 00:00:00', NULL, 80, 1),
(1099, 7, '2023-12-04 00:00:00', NULL, 80, 1),
(1100, 8, '2023-12-04 00:00:00', NULL, 70, 1),
(1101, 9, '2023-12-04 00:00:00', NULL, 80, NULL),
(1102, 4, '2023-12-05 00:00:00', NULL, 70, 1),
(1103, 5, '2023-12-05 00:00:00', NULL, 70, 1),
(1104, 6, '2023-12-05 00:00:00', NULL, 80, 1),
(1105, 7, '2023-12-05 00:00:00', NULL, 80, 1),
(1106, 8, '2023-12-05 00:00:00', NULL, 70, 1),
(1107, 9, '2023-12-05 00:00:00', NULL, 80, NULL),
(1108, 4, '2023-12-06 00:00:00', NULL, 70, 1),
(1109, 5, '2023-12-06 00:00:00', NULL, 70, 1),
(1110, 6, '2023-12-06 00:00:00', NULL, 80, 1),
(1111, 7, '2023-12-06 00:00:00', NULL, 80, 1),
(1112, 8, '2023-12-06 00:00:00', NULL, 70, 1),
(1113, 9, '2023-12-06 00:00:00', NULL, 80, NULL),
(1114, 4, '2023-12-07 00:00:00', NULL, 70, 1),
(1115, 5, '2023-12-07 00:00:00', NULL, 70, 1),
(1116, 6, '2023-12-07 00:00:00', NULL, 80, 1),
(1117, 7, '2023-12-07 00:00:00', NULL, 80, 1),
(1118, 8, '2023-12-07 00:00:00', NULL, 70, 1),
(1119, 9, '2023-12-07 00:00:00', NULL, 80, NULL),
(1120, 4, '2023-12-08 00:00:00', NULL, 70, 0),
(1121, 5, '2023-12-08 00:00:00', NULL, 70, 1),
(1122, 6, '2023-12-08 00:00:00', NULL, 80, 1),
(1123, 7, '2023-12-08 00:00:00', NULL, 80, 1),
(1124, 8, '2023-12-08 00:00:00', NULL, 70, 1),
(1125, 9, '2023-12-08 00:00:00', NULL, 80, NULL),
(1126, 4, '2023-12-09 00:00:00', NULL, 70, NULL),
(1127, 5, '2023-12-09 00:00:00', NULL, 70, NULL),
(1128, 6, '2023-12-09 00:00:00', NULL, 80, 1),
(1129, 7, '2023-12-09 00:00:00', NULL, 80, 1),
(1130, 8, '2023-12-09 00:00:00', NULL, 70, NULL),
(1131, 9, '2023-12-09 00:00:00', NULL, 80, NULL),
(1132, 4, '2023-12-11 00:00:00', NULL, 70, 1),
(1133, 5, '2023-12-11 00:00:00', NULL, 70, 1),
(1134, 6, '2023-12-11 00:00:00', NULL, 80, 1),
(1135, 7, '2023-12-11 00:00:00', NULL, 80, 1),
(1136, 8, '2023-12-11 00:00:00', NULL, 70, 1),
(1137, 9, '2023-12-11 00:00:00', NULL, 80, NULL),
(1138, 4, '2023-12-12 00:00:00', NULL, 70, 1),
(1139, 5, '2023-12-12 00:00:00', NULL, 70, 1),
(1140, 6, '2023-12-12 00:00:00', NULL, 80, 1),
(1141, 7, '2023-12-12 00:00:00', NULL, 80, 1),
(1142, 8, '2023-12-12 00:00:00', NULL, 70, 1),
(1143, 9, '2023-12-12 00:00:00', NULL, 80, NULL),
(1144, 4, '2023-12-13 00:00:00', NULL, 70, 1),
(1145, 5, '2023-12-13 00:00:00', NULL, 70, 1),
(1146, 6, '2023-12-13 00:00:00', NULL, 80, 1),
(1147, 7, '2023-12-13 00:00:00', NULL, 80, 1),
(1148, 8, '2023-12-13 00:00:00', NULL, 70, 1),
(1149, 9, '2023-12-13 00:00:00', NULL, 80, NULL),
(1150, 4, '2023-12-14 00:00:00', NULL, 70, 1),
(1151, 5, '2023-12-14 00:00:00', NULL, 70, 1),
(1152, 6, '2023-12-14 00:00:00', NULL, 80, 1),
(1153, 7, '2023-12-14 00:00:00', NULL, 80, 1),
(1154, 8, '2023-12-14 00:00:00', NULL, 70, 1),
(1155, 9, '2023-12-14 00:00:00', NULL, 80, NULL),
(1156, 4, '2023-12-15 00:00:00', NULL, 70, 1),
(1157, 5, '2023-12-15 00:00:00', NULL, 70, 1),
(1158, 6, '2023-12-15 00:00:00', NULL, 80, 1),
(1159, 7, '2023-12-15 00:00:00', NULL, 80, 1),
(1160, 8, '2023-12-15 00:00:00', NULL, 70, 1),
(1161, 9, '2023-12-15 00:00:00', NULL, 80, NULL),
(1162, 4, '2023-12-16 00:00:00', NULL, 70, 0),
(1163, 5, '2023-12-16 00:00:00', NULL, 70, NULL),
(1164, 6, '2023-12-16 00:00:00', NULL, 80, 1),
(1165, 7, '2023-12-16 00:00:00', NULL, 80, 1),
(1166, 8, '2023-12-16 00:00:00', NULL, 70, NULL),
(1167, 9, '2023-12-16 00:00:00', NULL, 80, NULL),
(1168, 4, '2023-12-18 00:00:00', NULL, 70, 1),
(1169, 5, '2023-12-18 00:00:00', NULL, 70, 1),
(1170, 6, '2023-12-18 00:00:00', NULL, 80, 1),
(1171, 7, '2023-12-18 00:00:00', NULL, 80, 1),
(1172, 8, '2023-12-18 00:00:00', NULL, 70, 1),
(1173, 9, '2023-12-18 00:00:00', NULL, 80, NULL),
(1174, 4, '2023-12-19 00:00:00', NULL, 70, 1),
(1175, 5, '2023-12-19 00:00:00', NULL, 70, 1),
(1176, 6, '2023-12-19 00:00:00', NULL, 80, 1),
(1177, 7, '2023-12-19 00:00:00', NULL, 80, 1),
(1178, 8, '2023-12-19 00:00:00', NULL, 70, 1),
(1179, 9, '2023-12-19 00:00:00', NULL, 80, NULL),
(1180, 4, '2023-12-20 00:00:00', NULL, 70, 1),
(1181, 5, '2023-12-20 00:00:00', NULL, 70, 1),
(1182, 6, '2023-12-20 00:00:00', NULL, 80, 1),
(1183, 7, '2023-12-20 00:00:00', NULL, 80, 1),
(1184, 8, '2023-12-20 00:00:00', NULL, 70, 1),
(1185, 9, '2023-12-20 00:00:00', NULL, 80, NULL),
(1186, 4, '2023-12-21 00:00:00', NULL, 70, 1),
(1187, 5, '2023-12-21 00:00:00', NULL, 70, 1),
(1188, 6, '2023-12-21 00:00:00', NULL, 80, 1),
(1189, 7, '2023-12-21 00:00:00', NULL, 80, 1),
(1190, 8, '2023-12-21 00:00:00', NULL, 70, 1),
(1191, 9, '2023-12-21 00:00:00', NULL, 80, NULL),
(1192, 4, '2023-12-22 00:00:00', NULL, 70, 1),
(1193, 5, '2023-12-22 00:00:00', NULL, 70, 1),
(1194, 6, '2023-12-22 00:00:00', NULL, 80, 1),
(1195, 7, '2023-12-22 00:00:00', NULL, 80, 1),
(1196, 8, '2023-12-22 00:00:00', NULL, 70, 1),
(1197, 9, '2023-12-22 00:00:00', NULL, 80, NULL),
(1198, 4, '2023-12-23 00:00:00', NULL, 70, NULL),
(1199, 5, '2023-12-23 00:00:00', NULL, 70, NULL),
(1200, 6, '2023-12-23 00:00:00', NULL, 80, NULL),
(1201, 7, '2023-12-23 00:00:00', NULL, 80, NULL),
(1202, 8, '2023-12-23 00:00:00', NULL, 70, NULL),
(1203, 9, '2023-12-23 00:00:00', NULL, 80, NULL),
(1204, 4, '2023-12-25 00:00:00', NULL, 70, 0),
(1205, 5, '2023-12-25 00:00:00', NULL, 70, 0),
(1206, 6, '2023-12-25 00:00:00', NULL, 80, NULL),
(1207, 7, '2023-12-25 00:00:00', NULL, 80, 0),
(1208, 8, '2023-12-25 00:00:00', NULL, 70, NULL),
(1209, 9, '2023-12-25 00:00:00', NULL, 80, NULL),
(1210, 4, '2023-12-26 00:00:00', NULL, 70, NULL),
(1211, 5, '2023-12-26 00:00:00', NULL, 70, 0),
(1212, 6, '2023-12-26 00:00:00', NULL, 80, NULL),
(1213, 7, '2023-12-26 00:00:00', NULL, 80, 0),
(1214, 8, '2023-12-26 00:00:00', NULL, 70, NULL),
(1215, 9, '2023-12-26 00:00:00', NULL, 80, NULL),
(1216, 4, '2023-12-27 00:00:00', NULL, 70, 1),
(1217, 5, '2023-12-27 00:00:00', NULL, 70, 1),
(1218, 6, '2023-12-27 00:00:00', NULL, 80, 1),
(1219, 7, '2023-12-27 00:00:00', NULL, 80, 1),
(1220, 8, '2023-12-27 00:00:00', NULL, 70, 1),
(1221, 9, '2023-12-27 00:00:00', NULL, 80, NULL),
(1222, 4, '2023-12-28 00:00:00', NULL, 70, 1),
(1223, 5, '2023-12-28 00:00:00', NULL, 70, 1),
(1224, 6, '2023-12-28 00:00:00', NULL, 80, 1),
(1225, 7, '2023-12-28 00:00:00', NULL, 80, 1),
(1226, 8, '2023-12-28 00:00:00', NULL, 70, 1),
(1227, 9, '2023-12-28 00:00:00', NULL, 80, NULL),
(1228, 4, '2023-12-29 00:00:00', NULL, 70, 1),
(1229, 5, '2023-12-29 00:00:00', NULL, 70, 1),
(1230, 6, '2023-12-29 00:00:00', NULL, 80, 1),
(1231, 7, '2023-12-29 00:00:00', NULL, 80, 1),
(1232, 8, '2023-12-29 00:00:00', NULL, 70, 1),
(1233, 9, '2023-12-29 00:00:00', NULL, 80, NULL),
(1234, 4, '2023-12-30 00:00:00', NULL, 70, NULL),
(1235, 5, '2023-12-30 00:00:00', NULL, 70, NULL),
(1236, 6, '2023-12-30 00:00:00', NULL, 80, NULL),
(1237, 7, '2023-12-30 00:00:00', NULL, 80, NULL),
(1238, 8, '2023-12-30 00:00:00', NULL, 70, NULL),
(1239, 9, '2023-12-30 00:00:00', NULL, 80, NULL);

-- --------------------------------------------------------

--
-- Structure de la table `messenger_messages`
--

CREATE TABLE `messenger_messages` (
  `id` bigint(20) NOT NULL,
  `body` longtext NOT NULL,
  `headers` longtext NOT NULL,
  `queue_name` varchar(190) NOT NULL,
  `created_at` datetime NOT NULL,
  `available_at` datetime NOT NULL,
  `delivered_at` datetime DEFAULT NULL
) ENGINE=InnoDB DEFAULT CHARSET=utf8mb4 COLLATE=utf8mb4_unicode_ci;

-- --------------------------------------------------------

--
-- Structure de la table `parametres`
--

CREATE TABLE `parametres` (
  `id` int(11) NOT NULL,
  `cle` varchar(255) NOT NULL,
  `valeur` varchar(255) NOT NULL
) ENGINE=InnoDB DEFAULT CHARSET=utf8mb4 COLLATE=utf8mb4_unicode_ci;

--
-- Déchargement des données de la table `parametres`
--

INSERT INTO `parametres` (`id`, `cle`, `valeur`) VALUES
(2, 'startdate', '2023-12-01'),
(3, 'enddate', '2023-12-31'),
(4, 'periode', 'Decembre');

-- --------------------------------------------------------

--
-- Structure de la table `user`
--

CREATE TABLE `user` (
  `id` int(11) NOT NULL,
  `email` varchar(180) NOT NULL,
  `roles` longtext NOT NULL COMMENT '(DC2Type:json)',
  `password` varchar(255) NOT NULL,
  `nom` varchar(255) NOT NULL,
  `prenom` varchar(255) DEFAULT NULL,
  `created_at` datetime NOT NULL,
  `telephone` varchar(255) NOT NULL,
  `statut` tinyint(1) DEFAULT NULL,
  `poste` varchar(255) DEFAULT NULL,
  `client` varchar(255) NOT NULL,
  `basesalaire` int(11) DEFAULT NULL
) ENGINE=InnoDB DEFAULT CHARSET=utf8mb4 COLLATE=utf8mb4_unicode_ci;

--
-- Déchargement des données de la table `user`
--

INSERT INTO `user` (`id`, `email`, `roles`, `password`, `nom`, `prenom`, `created_at`, `telephone`, `statut`, `poste`, `client`, `basesalaire`) VALUES
(3, 'herimalala.val@gmail.com', '[\"ROLE_ADMIN\"]', '$2y$13$yMuhVodPATiaMt2u/I1KOu5Gwr0V59WfKOuj/ri4EhqRn0dXVtTgq', 'VALISOA', 'Herimalala', '2023-09-26 00:00:00', '0650021803', 1, 'admin', 'AUTRE', 130),
(4, 'julia@gmail.com', '[]', '$2y$13$dhLBvvw7bx3cRbs6.HOa3On2hFnr80zeZydHuJ17cvAswX0UXtGo2', 'COLAS', 'Julia', '2023-09-26 00:00:00', '06', 1, 'tech', 'HELP1FO', 70),
(5, 'max@gmail.com', '[]', '$2y$13$skxiRAfGQM8T3q7vW9lS4eqdXl.QojeDkNSnIbEkuiJxncTt1g.AS', 'MAX', 'Luciano', '2023-09-26 00:00:00', '06', 1, 'tech', 'HELP1FO', 70),
(6, 'lamarana@gmail.com', '[]', '$2y$13$w/W5MzfcApQeqT78SSrfDOEzXoETaw0Onpwsm8fIBS7YRHf6x9h42', 'BAH DIALLO', 'Lamarana', '2023-09-26 00:00:00', '06', 1, 'tech', 'B2A', 80),
(7, 'oumar@gmail.com', '[]', '$2y$13$0K439ppK7TsSqUxdmiYQVuOAD7Z5tXnxI/sMV91rYivYwyKO2fBPO', 'BAH', 'Oumarpathe', '2023-09-26 00:00:00', '06', 1, 'tech', 'HELP1FO', 80),
(8, 'noumraak@gmail.com', '[]', '$2y$13$gY/cnfqzXOJcUSOX7cYGaOYOjfXQf0DPFXirrdbiTtvVLBfWFiwiG', 'RAKOTOARISON', 'Nomena', '2023-10-02 00:00:00', '07 81 11 81 38', 1, 'tech', 'HELP1FO', 70),
(9, 'Faudot@gmail.com', '[]', '$2y$13$pJzuKL6neUWvu8aHDb7S..qvLcvSeeVwgx9.0cGWZHq5Wv/ltBofm', 'FAUDOT', 'Rina', '2023-10-01 00:00:00', '06', 1, 'tech', 'B2A', 80),
(10, 'Seb@gmail.com', '[]', '$2y$13$7cp7klGQC3pbUeY6tjy6iOWu7wlmSbgzu68lubpXmBo2Y7KzOJ0uO', 'RAKOTONINDRINA', 'Sébastien', '2023-10-01 00:00:00', '06', 0, 'tech', 'B2A', 80),
(11, 'christian.valisoa@sltek.fr', '[]', '$2y$13$ZbY4D0k2za6a98ijo5k6wup4Rg74uo0xQ/fOPQ7ZSS/q3CX3vvOl.', 'VALISOA', 'Christian', '2023-11-14 00:00:00', '010203040506', 0, 'tech', 'B2A', 0);

--
-- Index pour les tables déchargées
--

--
-- Index pour la table `doctrine_migration_versions`
--
ALTER TABLE `doctrine_migration_versions`
  ADD PRIMARY KEY (`version`);

--
-- Index pour la table `inter`
--
ALTER TABLE `inter`
  ADD PRIMARY KEY (`id`),
  ADD KEY `IDX_7C802D6F13457256` (`technicien_id`);

--
-- Index pour la table `messenger_messages`
--
ALTER TABLE `messenger_messages`
  ADD PRIMARY KEY (`id`),
  ADD KEY `IDX_75EA56E0FB7336F0` (`queue_name`),
  ADD KEY `IDX_75EA56E0E3BD61CE` (`available_at`),
  ADD KEY `IDX_75EA56E016BA31DB` (`delivered_at`);

--
-- Index pour la table `parametres`
--
ALTER TABLE `parametres`
  ADD PRIMARY KEY (`id`);

--
-- Index pour la table `user`
--
ALTER TABLE `user`
  ADD PRIMARY KEY (`id`),
  ADD UNIQUE KEY `UNIQ_8D93D649E7927C74` (`email`);

--
-- AUTO_INCREMENT pour les tables déchargées
--

--
-- AUTO_INCREMENT pour la table `inter`
--
ALTER TABLE `inter`
  MODIFY `id` int(11) NOT NULL AUTO_INCREMENT, AUTO_INCREMENT=1240;

--
-- AUTO_INCREMENT pour la table `messenger_messages`
--
ALTER TABLE `messenger_messages`
  MODIFY `id` bigint(20) NOT NULL AUTO_INCREMENT;

--
-- AUTO_INCREMENT pour la table `parametres`
--
ALTER TABLE `parametres`
  MODIFY `id` int(11) NOT NULL AUTO_INCREMENT, AUTO_INCREMENT=5;

--
-- AUTO_INCREMENT pour la table `user`
--
ALTER TABLE `user`
  MODIFY `id` int(11) NOT NULL AUTO_INCREMENT, AUTO_INCREMENT=12;

--
-- Contraintes pour les tables déchargées
--

--
-- Contraintes pour la table `inter`
--
ALTER TABLE `inter`
  ADD CONSTRAINT `FK_7C802D6F13457256` FOREIGN KEY (`technicien_id`) REFERENCES `user` (`id`);
COMMIT;

/*!40101 SET CHARACTER_SET_CLIENT=@OLD_CHARACTER_SET_CLIENT */;
/*!40101 SET CHARACTER_SET_RESULTS=@OLD_CHARACTER_SET_RESULTS */;
/*!40101 SET COLLATION_CONNECTION=@OLD_COLLATION_CONNECTION */;
